{
    "761849319304724480": {
        "balance": 245,
        "daily_last": 1764714064.2409189,
        "total_earned": 250,
        "total_given": 0,
        "cash": 1260000,
        "about": "",
        "rings": {
            "1": 0,
            "2": 0,
            "3": 1
        },
        "married_to": null,
        "ring_id": null,
        "marriages": 1,
        "marry_request_from": null,
        "marry_request_ring": null,
        "backgrounds": {
            "bg2": 1
        },
        "active_bg": "bg2",
        "banner_url": "https://i.imgur.com/PwC0tE4.png",
        "bj_wins": 14,
        "bj_losses": 7,
        "daily_streak": 0,
        "best_streak": 0,
        "level": 0,
        "xp": 0,
        "total_xp": 0,
        "bj_games": 0,
        "bj_pushes": 0,
        "bj_profit": 0,
        "cf_games": 0,
        "cf_wins": 0,
        "cf_losses": 0,
        "cf_profit": 0,
        "crash_games": 0,
        "crash_profit": 0,
        "trivia_correct": 0,
        "trivia_wrong": 0,
        "gift_sent": 0,
        "gift_received": 0,
        "family_id": null,
        "family_role": null
    },
    "1053709618490122302": {
        "cash": 2810980,
        "daily_last": 1764789625.430636,
        "about": "",
        "rings": {
            "1": 0,
            "2": 0,
            "3": 0
        },
        "married_to": null,
        "ring_id": null,
        "marriages": 1,
        "marry_request_from": null,
        "marry_request_ring": null,
        "daily_streak": 0,
        "best_streak": 0,
        "backgrounds": {},
        "active_bg": null,
        "banner_url": null,
        "level": 1,
        "xp": 86,
        "total_xp": 0,
        "bj_games": 0,
        "bj_wins": 6,
        "bj_losses": 1,
        "bj_pushes": 0,
        "bj_profit": 0,
        "cf_games": 0,
        "cf_wins": 0,
        "cf_losses": 0,
        "cf_profit": 0,
        "crash_games": 0,
        "crash_profit": 0,
        "trivia_correct": 0,
        "trivia_wrong": 0,
        "gift_sent": 0,
        "gift_received": 0,
        "family_id": null,
        "family_role": null,
        "streak": 1,
        "last_daily_day": 20425
    },
    "1113040686686674987": {
        "cash": 1500000,
        "daily_last": 0,
        "about": "",
        "rings": {
            "1": 0,
            "2": 0,
            "3": 0
        },
        "married_to": null,
        "ring_id": null,
        "marriages": 0,
        "marry_request_from": "761849319304724480",
        "marry_request_ring": "3",
        "backgrounds": {},
        "active_bg": null,
        "banner_url": null,
        "daily_streak": 0,
        "best_streak": 0,
        "level": 0,
        "xp": 0,
        "total_xp": 0,
        "bj_games": 0,
        "bj_wins": 0,
        "bj_losses": 0,
        "bj_pushes": 0,
        "bj_profit": 0,
        "cf_games": 0,
        "cf_wins": 0,
        "cf_losses": 0,
        "cf_profit": 0,
        "crash_games": 0,
        "crash_profit": 0,
        "trivia_correct": 0,
        "trivia_wrong": 0,
        "gift_sent": 0,
        "gift_received": 0,
        "family_id": null,
        "family_role": null
    },
    "1108700347184193598": {
        "cash": 2000000,
        "daily_last": 1764729757.2041764,
        "about": "Hello kese ho dost",
        "rings": {
            "1": 0,
            "2": 0,
            "3": 0
        },
        "married_to": null,
        "ring_id": null,
        "marriages": 0,
        "marry_request_from": null,
        "marry_request_ring": null,
        "backgrounds": {},
        "active_bg": null,
        "banner_url": null,
        "daily_streak": 0,
        "best_streak": 0,
        "level": 0,
        "xp": 0,
        "total_xp": 0,
        "bj_games": 0,
        "bj_wins": 0,
        "bj_losses": 0,
        "bj_pushes": 0,
        "bj_profit": 0,
        "cf_games": 0,
        "cf_wins": 0,
        "cf_losses": 0,
        "cf_profit": 0,
        "crash_games": 0,
        "crash_profit": 0,
        "trivia_correct": 0,
        "trivia_wrong": 0,
        "gift_sent": 0,
        "gift_received": 0,
        "family_id": null,
        "family_role": null
    },
    "1290288558413840388": {
        "cash": 1801820,
        "daily_last": 1764786913.467193,
        "about": "",
        "rings": {
            "1": 0,
            "2": 0,
            "3": 0
        },
        "married_to": null,
        "ring_id": null,
        "marriages": 0,
        "marry_request_from": null,
        "marry_request_ring": null,
        "backgrounds": {},
        "active_bg": null,
        "banner_url": null,
        "bj_losses": 3,
        "streak": 1,
        "last_daily_day": 20425,
        "level": 0,
        "xp": 74,
        "gifts_sent": 0,
        "gifts_received": 0,
        "family_id": null,
        "trivia_correct": 0,
        "trivia_wrong": 0,
        "daily_streak": 0,
        "best_streak": 0,
        "total_xp": 0,
        "bj_games": 0,
        "bj_wins": 0,
        "bj_pushes": 0,
        "bj_profit": 0,
        "cf_games": 0,
        "cf_wins": 0,
        "cf_losses": 0,
        "cf_profit": 0,
        "crash_games": 0,
        "crash_profit": 0,
        "gift_sent": 0,
        "gift_received": 0,
        "family_role": null
    },
    "1200599266943574081": {
        "cash": 2237435,
        "daily_last": 1764790948.483986,
        "daily_streak": 0,
        "best_streak": 0,
        "about": "",
        "rings": {
            "1": 0,
            "2": 0,
            "3": 0
        },
        "married_to": null,
        "ring_id": null,
        "marriages": 0,
        "marry_request_from": null,
        "marry_request_ring": null,
        "backgrounds": {},
        "active_bg": null,
        "banner_url": null,
        "level": 1,
        "xp": 86,
        "total_xp": 0,
        "bj_games": 0,
        "bj_wins": 0,
        "bj_losses": 0,
        "bj_pushes": 0,
        "bj_profit": 0,
        "cf_games": 0,
        "cf_wins": 0,
        "cf_losses": 0,
        "cf_profit": 0,
        "crash_games": 0,
        "crash_profit": 0,
        "trivia_correct": 0,
        "trivia_wrong": 0,
        "gift_sent": 0,
        "gift_received": 0,
        "family_id": null,
        "family_role": null,
        "streak": 1,
        "last_daily_day": 20425
    },
    "1074217944424386630": {
        "cash": 249000,
        "daily_last": 0,
        "daily_streak": 0,
        "best_streak": 0,
        "about": "",
        "rings": {
            "1": 0,
            "2": 0,
            "3": 0
        },
        "married_to": null,
        "ring_id": null,
        "marriages": 0,
        "marry_request_from": null,
        "marry_request_ring": null,
        "backgrounds": {},
        "active_bg": null,
        "banner_url": null,
        "level": 0,
        "xp": 0,
        "total_xp": 0,
        "bj_games": 0,
        "bj_wins": 0,
        "bj_losses": 0,
        "bj_pushes": 0,
        "bj_profit": 0,
        "cf_games": 0,
        "cf_wins": 0,
        "cf_losses": 0,
        "cf_profit": 0,
        "crash_games": 0,
        "crash_profit": 0,
        "trivia_correct": 0,
        "trivia_wrong": 0,
        "gift_sent": 0,
        "gift_received": 0,
        "family_id": null,
        "family_role": null
    },
    "1059440153866797067": {
        "cash": 418917,
        "daily_last": 1764806747.3399646,
        "daily_streak": 0,
        "best_streak": 0,
        "about": "",
        "rings": {
            "1": 0,
            "2": 0,
            "3": 0
        },
        "married_to": null,
        "ring_id": null,
        "marriages": 0,
        "marry_request_from": null,
        "marry_request_ring": null,
        "backgrounds": {},
        "active_bg": null,
        "banner_url": null,
        "level": 0,
        "xp": 42,
        "total_xp": 0,
        "bj_games": 0,
        "bj_wins": 0,
        "bj_losses": 0,
        "bj_pushes": 0,
        "bj_profit": 0,
        "cf_games": 0,
        "cf_wins": 0,
        "cf_losses": 0,
        "cf_profit": 0,
        "crash_games": 0,
        "crash_profit": 0,
        "trivia_correct": 0,
        "trivia_wrong": 0,
        "gift_sent": 0,
        "gift_received": 0,
        "family_id": null,
        "family_role": null,
        "streak": 1,
        "last_daily_day": 20426
    }
}